{"cameraMode":{"drawMode":0,"name":"Shaded","section":"Shading Mode"},"sceneLighting":false,"audioPlay":false,"sceneViewState":{"m_AlwaysRefresh":false,"showFog":true,"showSkybox":false,"showFlares":true,"showImageEffects":true,"showParticleSystems":true,"showVisualEffectGraphs":true,"m_FxEnabled":true},"in2DMode":false,"pivot":{"x":0.30720072984695437,"y":2.7200915813446047,"z":3.0019915103912355},"rotation":{"x":0.038492601364851,"y":0.9601768255233765,"z":-0.21976087987422944,"w":0.1681816577911377},"size":0.17279237508773805,"orthographic":false}