{"cameraMode":{"drawMode":0,"name":"Shaded","section":"Shading Mode"},"sceneLighting":false,"audioPlay":false,"sceneViewState":{"m_AlwaysRefresh":false,"showFog":true,"showSkybox":true,"showFlares":true,"showImageEffects":true,"showParticleSystems":true,"showVisualEffectGraphs":true,"m_FxEnabled":true},"in2DMode":false,"pivot":{"x":1.2599480152130128,"y":6.034740447998047,"z":-2.6131958961486818},"rotation":{"x":0.13596829771995545,"y":0.039516791701316836,"z":-0.005427892319858074,"w":0.9899104833602905},"size":5.576870918273926,"orthographic":false}