{"cameraMode":{"drawMode":0,"name":"Shaded","section":"Shading Mode"},"sceneLighting":false,"audioPlay":false,"sceneViewState":{"m_AlwaysRefresh":false,"showFog":true,"showSkybox":true,"showFlares":true,"showImageEffects":true,"showParticleSystems":true,"showVisualEffectGraphs":true,"m_FxEnabled":true},"in2DMode":false,"pivot":{"x":2.029653310775757,"y":6.420474052429199,"z":-2.5662384033203127},"rotation":{"x":0.13596829771995545,"y":0.039516791701316836,"z":-0.005427892319858074,"w":0.9899104833602905},"size":9.05449104309082,"orthographic":false}